id_produto,id_mes,Nivel_Oferta
1,1,B
2,1,B
3,1,B
4,1,A
5,1,B
6,1,B
7,1,M
8,1,M
9,1,A
10,1,A
11,1,B
12,1,B
13,1,B
14,1,B
15,1,M
16,1,B
17,1,A
18,1,B
19,1,B
20,1,B
21,1,M
22,1,M
23,1,A
24,1,B
25,1,M
26,1,A
27,1,B
28,1,A
29,1,B
30,1,B
31,1,B
32,1,B
33,1,A
34,1,B
35,1,M
36,1,B
37,1,A
38,1,A
39,1,B
40,1,A
41,1,A
42,1,M
43,1,M
44,1,M
45,1,B
46,1,M
47,1,B
48,1,A
49,1,A
50,1,B
51,1,A
52,1,B
53,1,A
54,1,B
55,1,A
56,1,B
57,1,B
58,1,B
59,1,M
60,1,A
61,1,A
62,1,A
63,1,A
64,1,B
65,1,A
66,1,B
67,1,M
68,1,M
69,1,A
70,1,B
71,1,A
72,1,M
73,1,A
74,1,A
75,1,B
76,1,B
77,1,B
78,1,B
79,1,B
80,1,B
81,1,A
82,1,M
83,1,B
84,1,B
85,1,B
86,1,B
87,1,M
88,1,B
89,1,A
90,1,M
91,1,B
92,1,B
93,1,B
94,1,M
95,1,A
96,1,A
97,1,M
98,1,A
99,1,A
100,1,B
101,1,M
102,1,M
103,1,A
104,1,B
105,1,B
106,1,B
107,1,A
108,1,A
109,1,A
110,1,B
111,1,B
112,1,B
113,1,B
114,1,B
115,1,B
116,1,A
117,1,B
118,1,B
119,1,B
120,1,B
121,1,M
122,1,M
123,1,A
124,1,B
125,1,B
126,1,A
127,1,B
128,1,A
129,1,B
130,1,M
131,1,B
132,1,M
133,1,B
134,1,B
135,1,B
136,1,M
137,1,B
138,1,B
139,1,M
140,1,B
141,1,A
142,1,A
143,1,B
144,1,B
145,1,M
146,1,B
147,1,M
148,1,M
149,1,B
150,1,M
151,1,B
152,1,B
153,1,B
154,1,B
155,1,B
156,1,B
157,1,B
158,1,M
159,1,A
160,1,A
161,1,B
162,1,B
163,1,M
164,1,B
165,1,M
166,1,B
167,1,B
168,1,M
169,1,B
170,1,B
171,1,B
172,1,M
173,1,M
174,1,M
175,1,M
176,1,M
177,1,M
178,1,B
179,1,M
180,1,M
181,1,A
182,1,M
183,1,B
184,1,B
185,1,A
186,1,M
187,1,B
188,1,A
189,1,A
190,1,B
191,1,A
192,1,M
193,1,A
194,1,M
195,1,B
196,1,A
197,1,A
198,1,A
199,1,A
200,1,M
201,1,B
202,1,B
203,1,B
204,1,A
205,1,A
206,1,M
207,1,M
208,1,A
209,1,A
210,1,A
211,1,B
212,1,B
213,1,M
214,1,A
215,1,M
216,1,A
217,1,M
218,1,A
219,1,B
220,1,A
221,1,A
222,1,A
223,1,A
224,1,A
225,1,A
226,1,B
227,1,M
228,1,B
229,1,A
230,1,M
231,1,A
232,1,B
233,1,M
234,1,B
235,1,M
236,1,B
237,1,M
238,1,M
239,1,M
240,1,A
241,1,B
242,1,A
243,1,M
244,1,A
245,1,B
246,1,M
247,1,B
248,1,A
249,1,B
250,1,M
251,1,M
252,1,M
253,1,B
254,1,B
255,1,M
256,1,B
257,1,M
258,1,B
259,1,M
260,1,M
261,1,A
262,1,B
263,1,B
264,1,M
265,1,M
266,1,B
267,1,M
268,1,M
269,1,B
270,1,M
271,1,B
272,1,A
273,1,B
274,1,M
275,1,A
276,1,B
277,1,A
278,1,A
279,1,B
280,1,A
281,1,B
282,1,A
283,1,A
284,1,M
285,1,B
286,1,M
287,1,B
288,1,B
289,1,B
290,1,M
291,1,A
292,1,A
293,1,A
294,1,B
295,1,A
296,1,M
297,1,A
298,1,A
299,1,M
300,1,M
301,1,M
302,1,M
303,1,B
304,1,M
305,1,M
306,1,B
307,1,M
309,1,M
310,1,M
311,1,A
312,1,M
313,1,A
314,1,M
315,1,B
316,1,B
317,1,A
318,1,B
319,1,M
320,1,B
321,1,A
322,1,M
323,1,B
324,1,A
325,1,A
326,1,A
327,1,M
328,1,M
329,1,B
330,1,M
1,2,B
2,2,B
3,2,B
4,2,A
5,2,B
6,2,B
7,2,B
8,2,B
9,2,B
10,2,A
11,2,B
12,2,M
13,2,A
14,2,B
15,2,M
16,2,B
17,2,B
18,2,B
19,2,B
20,2,B
21,2,M
22,2,M
23,2,A
24,2,B
25,2,M
26,2,B
27,2,B
28,2,B
29,2,M
30,2,B
31,2,B
32,2,B
33,2,A
34,2,B
35,2,B
36,2,B
37,2,M
38,2,A
39,2,B
40,2,A
41,2,A
42,2,M
43,2,A
44,2,M
45,2,B
46,2,B
47,2,B
48,2,A
49,2,B
50,2,B
51,2,B
52,2,B
53,2,A
54,2,B
55,2,A
56,2,B
57,2,B
58,2,B
59,2,M
60,2,B
61,2,M
62,2,M
63,2,B
64,2,B
65,2,A
66,2,B
67,2,M
68,2,M
69,2,M
70,2,A
71,2,B
72,2,B
73,2,B
74,2,M
75,2,B
76,2,B
77,2,B
78,2,B
79,2,B
80,2,M
81,2,M
82,2,M
83,2,B
84,2,B
85,2,B
86,2,B
87,2,A
88,2,B
89,2,M
90,2,B
91,2,B
92,2,B
93,2,B
94,2,M
95,2,B
96,2,M
97,2,M
98,2,M
99,2,M
100,2,B
101,2,M
102,2,M
103,2,A
104,2,B
105,2,B
106,2,B
107,2,A
108,2,B
109,2,M
110,2,B
111,2,B
112,2,B
113,2,B
114,2,B
115,2,B
116,2,M
117,2,A
118,2,B
119,2,B
120,2,A
121,2,B
122,2,A
123,2,A
124,2,A
125,2,B
126,2,B
127,2,B
128,2,B
129,2,B
130,2,A
131,2,A
132,2,A
133,2,B
134,2,A
135,2,B
136,2,B
137,2,B
138,2,B
139,2,B
140,2,B
141,2,M
142,2,A
143,2,M
144,2,M
145,2,B
146,2,M
147,2,B
148,2,A
149,2,B
150,2,M
151,2,M
152,2,B
153,2,M
154,2,B
155,2,B
156,2,B
157,2,B
158,2,M
159,2,A
160,2,B
161,2,B
162,2,M
163,2,M
164,2,B
165,2,M
166,2,B
167,2,B
168,2,B
169,2,B
170,2,B
171,2,M
172,2,M
173,2,B
174,2,M
175,2,B
176,2,A
177,2,M
178,2,B
179,2,M
180,2,M
181,2,A
182,2,B
183,2,B
184,2,B
185,2,A
186,2,A
187,2,M
188,2,A
189,2,M
190,2,M
191,2,M
192,2,B
193,2,M
194,2,M
195,2,B
196,2,A
197,2,B
198,2,B
199,2,A
200,2,B
201,2,M
202,2,B
203,2,B
204,2,A
205,2,B
206,2,A
207,2,M
208,2,M
209,2,A
210,2,A
211,2,B
212,2,B
213,2,B
214,2,B
215,2,B
216,2,B
217,2,B
218,2,A
219,2,B
220,2,M
221,2,M
222,2,A
223,2,A
224,2,B
225,2,M
226,2,B
227,2,B
228,2,B
229,2,B
230,2,B
231,2,A
232,2,B
233,2,A
234,2,A
235,2,A
236,2,B
237,2,A
238,2,A
239,2,A
240,2,A
241,2,B
242,2,A
243,2,B
244,2,B
245,2,B
246,2,M
247,2,B
248,2,A
249,2,B
250,2,A
251,2,B
252,2,B
253,2,B
254,2,B
255,2,M
256,2,B
257,2,M
258,2,B
259,2,B
260,2,B
261,2,B
262,2,B
263,2,B
264,2,B
265,2,B
266,2,B
267,2,B
268,2,M
269,2,M
270,2,B
271,2,B
272,2,M
273,2,B
274,2,B
275,2,A
276,2,B
277,2,A
278,2,M
279,2,M
280,2,A
281,2,B
282,2,A
283,2,M
284,2,M
285,2,B
286,2,B
287,2,B
288,2,M
289,2,B
290,2,A
291,2,B
292,2,B
293,2,B
294,2,B
295,2,M
296,2,M
297,2,M
298,2,A
299,2,M
300,2,B
301,2,M
302,2,B
303,2,B
304,2,B
305,2,M
306,2,B
307,2,M
309,2,M
310,2,M
311,2,M
312,2,B
313,2,M
314,2,M
315,2,B
316,2,B
317,2,A
318,2,B
319,2,M
320,2,B
321,2,A
322,2,B
323,2,B
324,2,M
325,2,A
326,2,M
327,2,M
328,2,B
329,2,B
330,2,B
1,3,B
2,3,B
3,3,A
4,3,B
5,3,B
6,3,M
7,3,B
8,3,M
9,3,B
10,3,A
11,3,B
12,3,A
13,3,A
14,3,B
15,3,B
16,3,B
17,3,B
18,3,B
19,3,B
20,3,B
21,3,B
22,3,M
23,3,B
24,3,M
25,3,A
26,3,M
27,3,A
28,3,B
29,3,M
30,3,A
31,3,M
32,3,A
33,3,A
34,3,B
35,3,B
36,3,B
37,3,M
38,3,A
39,3,B
40,3,B
41,3,A
42,3,A
43,3,A
44,3,M
45,3,M
46,3,B
47,3,B
48,3,A
49,3,B
50,3,M
51,3,B
52,3,B
53,3,M
54,3,B
55,3,A
56,3,B
57,3,M
58,3,B
59,3,A
60,3,B
61,3,M
62,3,M
63,3,B
64,3,B
65,3,M
66,3,B
67,3,B
68,3,B
69,3,M
70,3,A
71,3,B
72,3,B
73,3,B
74,3,B
75,3,B
76,3,B
77,3,B
78,3,B
79,3,B
80,3,A
81,3,B
82,3,B
83,3,B
84,3,B
85,3,B
86,3,B
87,3,A
88,3,B
89,3,B
90,3,B
91,3,B
92,3,B
93,3,A
94,3,M
95,3,B
96,3,B
97,3,M
98,3,B
99,3,B
100,3,B
101,3,B
102,3,M
103,3,A
104,3,B
105,3,B
106,3,B
107,3,A
108,3,A
109,3,A
110,3,B
111,3,B
112,3,B
113,3,B
114,3,B
115,3,B
116,3,B
117,3,B
118,3,B
119,3,B
120,3,A
121,3,B
122,3,M
123,3,M
124,3,A
125,3,B
126,3,B
127,3,B
128,3,B
129,3,B
130,3,A
131,3,A
132,3,A
133,3,B
134,3,A
135,3,B
136,3,B
137,3,B
138,3,B
139,3,B
140,3,B
141,3,B
142,3,A
143,3,B
144,3,M
145,3,B
146,3,B
147,3,B
148,3,A
149,3,B
150,3,B
151,3,A
152,3,B
153,3,A
154,3,B
155,3,B
156,3,B
157,3,B
158,3,B
159,3,M
160,3,B
161,3,B
162,3,A
163,3,B
164,3,B
165,3,M
166,3,B
167,3,A
168,3,B
169,3,B
170,3,B
171,3,M
172,3,A
173,3,B
174,3,A
175,3,B
176,3,A
177,3,A
178,3,B
179,3,A
180,3,A
181,3,M
182,3,M
183,3,B
184,3,M
185,3,A
186,3,A
187,3,M
188,3,M
189,3,M
190,3,M
191,3,M
192,3,M
193,3,M
194,3,A
195,3,B
196,3,M
197,3,B
198,3,M
199,3,A
200,3,B
201,3,A
202,3,M
203,3,B
204,3,M
205,3,B
206,3,A
207,3,A
208,3,A
209,3,M
210,3,M
211,3,B
212,3,B
213,3,B
214,3,M
215,3,B
216,3,B
217,3,B
218,3,A
219,3,B
220,3,B
221,3,B
222,3,M
223,3,M
224,3,B
225,3,M
226,3,B
227,3,B
228,3,B
229,3,B
230,3,B
231,3,M
232,3,B
233,3,A
234,3,A
235,3,A
236,3,B
237,3,M
238,3,A
239,3,A
240,3,M
241,3,B
242,3,M
243,3,B
244,3,B
245,3,B
246,3,B
247,3,M
248,3,A
249,3,M
250,3,A
251,3,B
252,3,B
253,3,B
254,3,B
255,3,B
256,3,B
257,3,A
258,3,B
259,3,A
260,3,M
261,3,M
262,3,B
263,3,B
264,3,B
265,3,B
266,3,B
267,3,M
268,3,M
269,3,B
270,3,B
271,3,B
272,3,M
273,3,M
274,3,B
275,3,A
276,3,B
277,3,M
278,3,M
279,3,M
280,3,A
281,3,B
282,3,A
283,3,A
284,3,B
285,3,B
286,3,M
287,3,B
288,3,A
289,3,M
290,3,M
291,3,M
292,3,M
293,3,B
294,3,M
295,3,A
296,3,A
297,3,A
298,3,A
299,3,M
300,3,M
301,3,A
302,3,B
303,3,B
304,3,B
305,3,B
306,3,B
307,3,B
309,3,M
310,3,M
311,3,M
312,3,M
313,3,M
314,3,M
315,3,M
316,3,B
317,3,M
318,3,M
319,3,M
320,3,M
321,3,M
322,3,B
323,3,M
324,3,B
325,3,M
326,3,M
327,3,B
328,3,B
329,3,B
330,3,B
1,4,B
2,4,B
3,4,A
4,4,B
5,4,B
6,4,A
7,4,B
8,4,B
9,4,M
10,4,A
11,4,B
12,4,B
13,4,M
14,4,B
15,4,B
16,4,B
17,4,B
18,4,B
19,4,M
20,4,B
21,4,B
22,4,B
23,4,B
24,4,M
25,4,B
26,4,B
27,4,B
28,4,B
29,4,A
30,4,A
31,4,A
32,4,A
33,4,M
34,4,B
35,4,B
36,4,B
37,4,B
38,4,A
39,4,B
40,4,B
41,4,A
42,4,B
43,4,M
44,4,A
45,4,B
46,4,B
47,4,B
48,4,A
49,4,B
50,4,B
51,4,B
52,4,B
53,4,B
54,4,B
55,4,M
56,4,B
57,4,A
58,4,B
59,4,A
60,4,B
61,4,B
62,4,M
63,4,B
64,4,B
65,4,M
66,4,M
67,4,B
68,4,B
69,4,M
70,4,M
71,4,B
72,4,M
73,4,B
74,4,B
75,4,B
76,4,B
77,4,B
78,4,B
79,4,B
80,4,B
81,4,M
82,4,M
83,4,B
84,4,B
85,4,B
86,4,B
87,4,A
88,4,B
89,4,B
90,4,M
91,4,B
92,4,B
93,4,M
94,4,M
95,4,A
96,4,B
97,4,M
98,4,M
99,4,B
100,4,A
101,4,B
102,4,B
103,4,M
104,4,B
105,4,B
106,4,B
107,4,B
108,4,B
109,4,B
110,4,B
111,4,B
112,4,B
113,4,B
114,4,B
115,4,B
116,4,B
117,4,B
118,4,B
119,4,B
120,4,M
121,4,B
122,4,M
123,4,M
124,4,A
125,4,B
126,4,B
127,4,B
128,4,B
129,4,B
130,4,B
131,4,B
132,4,B
133,4,B
134,4,B
135,4,B
136,4,B
137,4,B
138,4,B
139,4,B
140,4,B
141,4,M
142,4,M
143,4,B
144,4,M
145,4,M
146,4,B
147,4,B
148,4,B
149,4,B
150,4,B
151,4,A
152,4,B
153,4,B
154,4,B
155,4,B
156,4,M
157,4,M
158,4,B
159,4,B
160,4,B
161,4,B
162,4,A
163,4,B
164,4,B
165,4,B
166,4,B
167,4,M
168,4,B
169,4,M
170,4,B
171,4,A
172,4,M
173,4,B
174,4,M
175,4,B
176,4,M
177,4,A
178,4,B
179,4,A
180,4,A
181,4,A
182,4,M
183,4,B
184,4,A
185,4,M
186,4,M
187,4,M
188,4,M
189,4,M
190,4,M
191,4,M
192,4,A
193,4,M
194,4,A
195,4,M
196,4,A
197,4,M
198,4,A
199,4,A
200,4,B
201,4,A
202,4,M
203,4,M
204,4,M
205,4,B
206,4,M
207,4,A
208,4,A
209,4,M
210,4,M
211,4,B
212,4,B
213,4,B
214,4,B
215,4,B
216,4,M
217,4,B
218,4,M
219,4,B
220,4,M
221,4,B
222,4,B
223,4,B
224,4,B
225,4,B
226,4,B
227,4,B
228,4,B
229,4,B
230,4,M
231,4,A
232,4,B
233,4,A
234,4,A
235,4,A
236,4,B
237,4,M
238,4,A
239,4,A
240,4,M
241,4,B
242,4,B
243,4,B
244,4,B
245,4,B
246,4,B
247,4,M
248,4,A
249,4,B
250,4,M
251,4,M
252,4,B
253,4,B
254,4,B
255,4,B
256,4,B
257,4,A
258,4,B
259,4,A
260,4,B
261,4,B
262,4,B
263,4,B
264,4,M
265,4,B
266,4,B
267,4,B
268,4,B
269,4,B
270,4,B
271,4,B
272,4,M
273,4,A
274,4,B
275,4,M
276,4,B
277,4,M
278,4,M
279,4,M
280,4,M
281,4,B
282,4,B
283,4,A
284,4,M
285,4,B
286,4,M
287,4,B
288,4,A
289,4,B
290,4,B
291,4,B
292,4,M
293,4,B
294,4,M
295,4,M
296,4,M
297,4,A
298,4,B
299,4,B
300,4,B
301,4,M
302,4,B
303,4,B
304,4,M
305,4,B
306,4,M
307,4,B
309,4,M
310,4,B
311,4,M
312,4,A
313,4,M
314,4,B
315,4,B
316,4,B
317,4,M
318,4,M
319,4,B
320,4,M
321,4,M
322,4,M
323,4,M
324,4,B
325,4,A
326,4,B
327,4,B
328,4,M
329,4,M
330,4,B
1,5,M
2,5,B
3,5,A
4,5,B
5,5,B
6,5,A
7,5,B
8,5,B
9,5,B
10,5,M
11,5,B
12,5,B
13,5,B
14,5,B
15,5,B
16,5,B
17,5,B
18,5,B
19,5,A
20,5,B
21,5,B
22,5,A
23,5,B
24,5,M
25,5,B
26,5,B
27,5,B
28,5,B
29,5,A
30,5,A
31,5,A
32,5,A
33,5,M
34,5,B
35,5,B
36,5,B
37,5,B
38,5,A
39,5,B
40,5,B
41,5,M
42,5,B
43,5,B
44,5,B
45,5,B
46,5,A
47,5,B
48,5,M
49,5,B
50,5,B
51,5,M
52,5,M
53,5,B
54,5,M
55,5,M
56,5,A
57,5,A
58,5,M
59,5,B
60,5,B
61,5,B
62,5,B
63,5,B
64,5,B
65,5,B
66,5,A
67,5,B
68,5,B
69,5,B
70,5,B
71,5,B
72,5,A
73,5,B
74,5,B
75,5,B
76,5,B
77,5,B
78,5,B
79,5,A
80,5,B
81,5,A
82,5,M
83,5,B
84,5,B
85,5,B
86,5,B
87,5,A
88,5,B
89,5,B
90,5,M
91,5,B
92,5,B
93,5,B
94,5,B
95,5,A
96,5,B
97,5,B
98,5,B
99,5,B
100,5,B
101,5,B
102,5,B
103,5,B
104,5,M
105,5,B
106,5,B
107,5,B
108,5,B
109,5,B
110,5,B
111,5,B
112,5,B
113,5,B
114,5,B
115,5,B
116,5,M
117,5,B
118,5,M
119,5,M
120,5,A
121,5,B
122,5,A
123,5,B
124,5,A
125,5,B
126,5,B
127,5,B
128,5,B
129,5,B
130,5,B
131,5,B
132,5,B
133,5,B
134,5,M
135,5,B
136,5,B
137,5,B
138,5,B
139,5,B
140,5,B
141,5,M
142,5,B
143,5,B
144,5,A
145,5,M
146,5,B
147,5,B
148,5,B
149,5,M
150,5,B
151,5,M
152,5,B
153,5,A
154,5,B
155,5,M
156,5,A
157,5,A
158,5,B
159,5,B
160,5,B
161,5,B
162,5,M
163,5,M
164,5,A
165,5,B
166,5,M
167,5,M
168,5,B
169,5,B
170,5,B
171,5,A
172,5,B
173,5,B
174,5,M
175,5,M
176,5,M
177,5,A
178,5,B
179,5,A
180,5,A
181,5,B
182,5,A
183,5,B
184,5,A
185,5,M
186,5,M
187,5,A
188,5,M
189,5,M
190,5,B
191,5,M
192,5,A
193,5,M
194,5,M
195,5,M
196,5,M
197,5,A
198,5,A
199,5,A
200,5,B
201,5,A
202,5,A
203,5,A
204,5,B
205,5,B
206,5,B
207,5,M
208,5,B
209,5,M
210,5,B
211,5,M
212,5,B
213,5,M
214,5,B
215,5,B
216,5,M
217,5,B
218,5,B
219,5,B
220,5,M
221,5,M
222,5,B
223,5,M
224,5,B
225,5,M
226,5,B
227,5,B
228,5,A
229,5,M
230,5,M
231,5,M
232,5,M
233,5,M
234,5,M
235,5,M
236,5,M
237,5,B
238,5,M
239,5,M
240,5,M
241,5,M
242,5,M
243,5,M
244,5,M
245,5,B
246,5,M
247,5,A
248,5,M
249,5,M
250,5,A
251,5,M
252,5,B
253,5,B
254,5,M
255,5,M
256,5,B
257,5,A
258,5,B
259,5,A
260,5,M
261,5,M
262,5,B
263,5,B
264,5,B
265,5,B
266,5,M
267,5,B
268,5,M
269,5,M
270,5,B
271,5,M
272,5,B
273,5,B
274,5,M
275,5,A
276,5,B
277,5,A
278,5,A
279,5,M
280,5,M
281,5,B
282,5,B
283,5,A
284,5,M
285,5,B
286,5,M
287,5,M
288,5,M
289,5,B
290,5,M
291,5,M
292,5,M
293,5,B
294,5,B
295,5,B
296,5,M
297,5,A
298,5,B
299,5,B
300,5,B
301,5,M
302,5,M
303,5,B
304,5,M
305,5,B
306,5,A
307,5,M
309,5,A
310,5,B
311,5,M
312,5,M
313,5,B
314,5,M
315,5,M
316,5,B
317,5,M
318,5,M
319,5,B
320,5,A
321,5,B
322,5,A
323,5,M
324,5,M
325,5,A
326,5,M
327,5,M
328,5,M
329,5,A
330,5,M
1,6,M
2,6,B
3,6,A
4,6,B
5,6,M
6,6,A
7,6,A
8,6,B
9,6,B
10,6,B
11,6,A
12,6,B
13,6,B
14,6,B
15,6,B
16,6,A
17,6,M
18,6,B
19,6,A
20,6,B
21,6,B
22,6,B
23,6,M
24,6,M
25,6,B
26,6,B
27,6,B
28,6,B
29,6,M
30,6,A
31,6,A
32,6,M
33,6,A
34,6,B
35,6,M
36,6,B
37,6,B
38,6,A
39,6,B
40,6,B
41,6,M
42,6,B
43,6,B
44,6,B
45,6,B
46,6,B
47,6,B
48,6,B
49,6,B
50,6,B
51,6,B
52,6,M
53,6,B
54,6,M
55,6,B
56,6,B
57,6,A
58,6,M
59,6,B
60,6,B
61,6,B
62,6,B
63,6,B
64,6,B
65,6,B
66,6,A
67,6,B
68,6,B
69,6,B
70,6,B
71,6,B
72,6,A
73,6,B
74,6,B
75,6,A
76,6,A
77,6,A
78,6,B
79,6,M
80,6,B
81,6,M
82,6,B
83,6,B
84,6,B
85,6,B
86,6,M
87,6,A
88,6,B
89,6,B
90,6,M
91,6,B
92,6,B
93,6,B
94,6,B
95,6,A
96,6,B
97,6,B
98,6,B
99,6,B
100,6,B
101,6,B
102,6,B
103,6,M
104,6,M
105,6,B
106,6,B
107,6,B
108,6,B
109,6,B
110,6,B
111,6,M
112,6,B
113,6,M
114,6,B
115,6,B
116,6,A
117,6,B
118,6,M
119,6,M
120,6,A
121,6,B
122,6,A
123,6,B
124,6,A
125,6,B
126,6,B
127,6,B
128,6,B
129,6,B
130,6,B
131,6,B
132,6,B
133,6,B
134,6,A
135,6,B
136,6,B
137,6,B
138,6,B
139,6,B
140,6,B
141,6,M
142,6,B
143,6,B
144,6,A
145,6,A
146,6,B
147,6,B
148,6,B
149,6,B
150,6,B
151,6,M
152,6,M
153,6,A
154,6,B
155,6,A
156,6,A
157,6,A
158,6,B
159,6,B
160,6,B
161,6,B
162,6,B
163,6,M
164,6,A
165,6,B
166,6,B
167,6,B
168,6,B
169,6,B
170,6,B
171,6,A
172,6,B
173,6,B
174,6,M
175,6,M
176,6,B
177,6,A
178,6,B
179,6,M
180,6,A
181,6,M
182,6,A
183,6,B
184,6,A
185,6,A
186,6,B
187,6,A
188,6,M
189,6,M
190,6,B
191,6,M
192,6,A
193,6,M
194,6,M
195,6,A
196,6,B
197,6,A
198,6,A
199,6,A
200,6,B
201,6,A
202,6,A
203,6,A
204,6,B
205,6,B
206,6,B
207,6,B
208,6,B
209,6,B
210,6,M
211,6,M
212,6,M
213,6,M
214,6,B
215,6,B
216,6,B
217,6,B
218,6,B
219,6,B
220,6,A
221,6,M
222,6,B
223,6,M
224,6,B
225,6,M
226,6,M
227,6,B
228,6,M
229,6,B
230,6,B
231,6,M
232,6,B
233,6,B
234,6,M
235,6,M
236,6,B
237,6,B
238,6,M
239,6,M
240,6,B
241,6,B
242,6,B
243,6,B
244,6,B
245,6,M
246,6,A
247,6,M
248,6,B
249,6,M
250,6,A
251,6,M
252,6,B
253,6,B
254,6,A
255,6,A
256,6,B
257,6,A
258,6,B
259,6,M
260,6,B
261,6,B
262,6,M
263,6,M
264,6,B
265,6,M
266,6,B
267,6,B
268,6,B
269,6,M
270,6,M
271,6,B
272,6,M
273,6,M
274,6,B
275,6,M
276,6,B
277,6,M
278,6,B
279,6,B
280,6,B
281,6,B
282,6,B
283,6,B
284,6,B
285,6,B
286,6,B
287,6,A
288,6,B
289,6,B
290,6,B
291,6,B
292,6,B
293,6,B
294,6,B
295,6,B
296,6,B
297,6,B
298,6,B
299,6,B
300,6,B
301,6,M
302,6,B
303,6,B
304,6,A
305,6,A
306,6,A
307,6,A
309,6,A
310,6,M
311,6,M
312,6,M
313,6,B
314,6,A
315,6,M
316,6,M
317,6,B
318,6,M
319,6,B
320,6,A
321,6,B
322,6,A
323,6,A
324,6,A
325,6,A
326,6,M
327,6,A
328,6,M
329,6,A
330,6,M
1,7,A
2,7,B
3,7,A
4,7,B
5,7,M
6,7,A
7,7,B
8,7,B
9,7,B
10,7,B
11,7,B
12,7,B
13,7,B
14,7,A
15,7,B
16,7,M
17,7,B
18,7,B
19,7,A
20,7,B
21,7,M
22,7,B
23,7,A
24,7,A
25,7,M
26,7,B
27,7,B
28,7,B
29,7,M
30,7,M
31,7,B
32,7,B
33,7,A
34,7,B
35,7,B
36,7,B
37,7,B
38,7,A
39,7,B
40,7,B
41,7,B
42,7,B
43,7,B
44,7,B
45,7,B
46,7,B
47,7,B
48,7,B
49,7,B
50,7,B
51,7,B
52,7,A
53,7,B
54,7,M
55,7,B
56,7,M
57,7,M
58,7,A
59,7,B
60,7,A
61,7,B
62,7,B
63,7,B
64,7,M
65,7,B
66,7,A
67,7,M
68,7,B
69,7,B
70,7,B
71,7,B
72,7,A
73,7,B
74,7,M
75,7,A
76,7,A
77,7,A
78,7,B
79,7,M
80,7,M
81,7,M
82,7,B
83,7,B
84,7,B
85,7,B
86,7,M
87,7,A
88,7,B
89,7,B
90,7,M
91,7,B
92,7,A
93,7,A
94,7,M
95,7,M
96,7,B
97,7,B
98,7,B
99,7,B
100,7,B
101,7,M
102,7,B
103,7,B
104,7,A
105,7,B
106,7,A
107,7,B
108,7,B
109,7,B
110,7,A
111,7,B
112,7,B
113,7,A
114,7,M
115,7,B
116,7,B
117,7,B
118,7,M
119,7,M
120,7,A
121,7,M
122,7,M
123,7,B
124,7,M
125,7,B
126,7,B
127,7,B
128,7,B
129,7,B
130,7,B
131,7,B
132,7,B
133,7,A
134,7,B
135,7,B
136,7,B
137,7,B
138,7,B
139,7,B
140,7,B
141,7,B
142,7,B
143,7,B
144,7,A
145,7,A
146,7,B
147,7,B
148,7,B
149,7,B
150,7,B
151,7,B
152,7,M
153,7,M
154,7,M
155,7,A
156,7,A
157,7,A
158,7,B
159,7,B
160,7,B
161,7,M
162,7,B
163,7,B
164,7,A
165,7,B
166,7,M
167,7,B
168,7,B
169,7,M
170,7,A
171,7,B
172,7,B
173,7,B
174,7,B
175,7,M
176,7,B
177,7,B
178,7,B
179,7,M
180,7,B
181,7,B
182,7,B
183,7,B
184,7,M
185,7,B
186,7,B
187,7,B
188,7,B
189,7,B
190,7,B
191,7,B
192,7,M
193,7,B
194,7,B
195,7,M
196,7,B
197,7,B
198,7,M
199,7,M
200,7,B
201,7,M
202,7,A
203,7,A
204,7,B
205,7,B
206,7,B
207,7,B
208,7,M
209,7,B
210,7,B
211,7,M
212,7,A
213,7,A
214,7,B
215,7,B
216,7,B
217,7,B
218,7,B
219,7,B
220,7,A
221,7,B
222,7,B
223,7,M
224,7,B
225,7,B
226,7,A
227,7,M
228,7,B
229,7,B
230,7,B
231,7,B
232,7,M
233,7,B
234,7,B
235,7,B
236,7,A
237,7,B
238,7,B
239,7,B
240,7,B
241,7,M
242,7,B
243,7,M
244,7,M
245,7,B
246,7,A
247,7,A
248,7,B
249,7,M
250,7,B
251,7,M
252,7,M
253,7,M
254,7,A
255,7,A
256,7,M
257,7,A
258,7,B
259,7,A
260,7,A
261,7,B
262,7,A
263,7,A
264,7,M
265,7,M
266,7,B
267,7,B
268,7,B
269,7,A
270,7,M
271,7,M
272,7,M
273,7,M
274,7,B
275,7,M
276,7,B
277,7,A
278,7,A
279,7,B
280,7,B
281,7,B
282,7,B
283,7,B
284,7,B
285,7,A
286,7,M
287,7,M
288,7,M
289,7,M
290,7,B
291,7,B
292,7,M
293,7,M
294,7,A
295,7,B
296,7,M
297,7,M
298,7,M
299,7,B
300,7,M
301,7,M
302,7,M
303,7,B
304,7,A
305,7,A
306,7,A
307,7,A
309,7,M
310,7,A
311,7,M
312,7,B
313,7,B
314,7,A
315,7,A
316,7,A
317,7,B
318,7,M
319,7,M
320,7,A
321,7,B
322,7,A
323,7,A
324,7,A
325,7,A
326,7,M
327,7,A
328,7,A
329,7,A
330,7,M
1,8,A
2,8,M
3,8,M
4,8,B
5,8,M
6,8,M
7,8,B
8,8,B
9,8,B
10,8,B
11,8,B
12,8,B
13,8,B
14,8,A
15,8,B
16,8,M
17,8,B
18,8,M
19,8,A
20,8,A
21,8,A
22,8,M
23,8,B
24,8,M
25,8,A
26,8,M
27,8,B
28,8,B
29,8,B
30,8,B
31,8,B
32,8,B
33,8,A
34,8,B
35,8,B
36,8,B
37,8,B
38,8,A
39,8,B
40,8,B
41,8,B
42,8,B
43,8,B
44,8,B
45,8,B
46,8,B
47,8,A
48,8,B
49,8,B
50,8,A
51,8,M
52,8,A
53,8,B
54,8,A
55,8,B
56,8,M
57,8,B
58,8,A
59,8,B
60,8,A
61,8,M
62,8,B
63,8,B
64,8,A
65,8,B
66,8,A
67,8,A
68,8,B
69,8,B
70,8,B
71,8,B
72,8,A
73,8,B
74,8,M
75,8,A
76,8,A
77,8,A
78,8,M
79,8,A
80,8,B
81,8,A
82,8,B
83,8,B
84,8,B
85,8,B
86,8,M
87,8,M
88,8,B
89,8,B
90,8,M
91,8,B
92,8,B
93,8,A
94,8,A
95,8,M
96,8,M
97,8,B
98,8,M
99,8,M
100,8,B
101,8,M
102,8,B
103,8,B
104,8,A
105,8,B
106,8,A
107,8,B
108,8,B
109,8,B
110,8,A
111,8,B
112,8,B
113,8,A
114,8,M
115,8,B
116,8,M
117,8,M
118,8,A
119,8,M
120,8,M
121,8,A
122,8,B
123,8,B
124,8,M
125,8,B
126,8,B
127,8,B
128,8,B
129,8,B
130,8,B
131,8,B
132,8,B
133,8,A
134,8,B
135,8,B
136,8,B
137,8,B
138,8,B
139,8,B
140,8,B
141,8,B
142,8,B
143,8,B
144,8,A
145,8,M
146,8,B
147,8,M
148,8,B
149,8,M
150,8,M
151,8,B
152,8,A
153,8,M
154,8,A
155,8,M
156,8,M
157,8,M
158,8,B
159,8,M
160,8,B
161,8,M
162,8,B
163,8,M
164,8,A
165,8,B
166,8,M
167,8,B
168,8,B
169,8,B
170,8,A
171,8,B
172,8,M
173,8,B
174,8,B
175,8,M
176,8,B
177,8,B
178,8,A
179,8,M
180,8,B
181,8,B
182,8,M
183,8,M
184,8,M
185,8,M
186,8,B
187,8,A
188,8,B
189,8,M
190,8,B
191,8,A
192,8,A
193,8,M
194,8,M
195,8,A
196,8,B
197,8,B
198,8,A
199,8,M
200,8,B
201,8,A
202,8,A
203,8,A
204,8,B
205,8,B
206,8,B
207,8,B
208,8,B
209,8,B
210,8,B
211,8,A
212,8,A
213,8,M
214,8,B
215,8,B
216,8,B
217,8,B
218,8,B
219,8,B
220,8,B
221,8,B
222,8,B
223,8,B
224,8,B
225,8,B
226,8,A
227,8,M
228,8,B
229,8,M
230,8,A
231,8,B
232,8,A
233,8,B
234,8,B
235,8,B
236,8,M
237,8,B
238,8,B
239,8,B
240,8,B
241,8,A
242,8,B
243,8,A
244,8,A
245,8,B
246,8,A
247,8,M
248,8,M
249,8,A
250,8,B
251,8,B
252,8,A
253,8,A
254,8,A
255,8,A
256,8,A
257,8,A
258,8,B
259,8,A
260,8,M
261,8,A
262,8,A
263,8,M
264,8,M
265,8,B
266,8,M
267,8,M
268,8,M
269,8,A
270,8,A
271,8,A
272,8,M
273,8,M
274,8,M
275,8,A
276,8,A
277,8,A
278,8,A
279,8,B
280,8,B
281,8,M
282,8,B
283,8,B
284,8,B
285,8,A
286,8,A
287,8,B
288,8,M
289,8,A
290,8,M
291,8,M
292,8,M
293,8,B
294,8,A
295,8,B
296,8,M
297,8,M
298,8,B
299,8,B
300,8,M
301,8,B
302,8,M
303,8,M
304,8,A
305,8,A
306,8,A
307,8,M
309,8,M
310,8,A
311,8,B
312,8,B
313,8,M
314,8,A
315,8,A
316,8,A
317,8,M
318,8,M
319,8,A
320,8,M
321,8,M
322,8,M
323,8,A
324,8,A
325,8,M
326,8,M
327,8,A
328,8,A
329,8,M
330,8,M
1,9,A
2,9,A
3,9,B
4,9,B
5,9,A
6,9,B
7,9,B
8,9,M
9,9,M
10,9,M
11,9,B
12,9,B
13,9,B
14,9,A
15,9,B
16,9,M
17,9,B
18,9,A
19,9,M
20,9,M
21,9,A
22,9,B
23,9,B
24,9,M
25,9,A
26,9,M
27,9,B
28,9,M
29,9,B
30,9,B
31,9,B
32,9,B
33,9,B
34,9,B
35,9,M
36,9,B
37,9,M
38,9,A
39,9,B
40,9,B
41,9,B
42,9,B
43,9,B
44,9,M
45,9,B
46,9,B
47,9,M
48,9,B
49,9,M
50,9,A
51,9,B
52,9,A
53,9,B
54,9,A
55,9,B
56,9,A
57,9,B
58,9,A
59,9,B
60,9,A
61,9,M
62,9,M
63,9,B
64,9,A
65,9,B
66,9,A
67,9,A
68,9,M
69,9,B
70,9,B
71,9,B
72,9,A
73,9,B
74,9,M
75,9,A
76,9,A
77,9,A
78,9,A
79,9,A
80,9,B
81,9,M
82,9,M
83,9,B
84,9,B
85,9,B
86,9,A
87,9,A
88,9,B
89,9,B
90,9,M
91,9,M
92,9,B
93,9,A
94,9,A
95,9,B
96,9,M
97,9,M
98,9,M
99,9,A
100,9,B
101,9,M
102,9,B
103,9,M
104,9,A
105,9,M
106,9,A
107,9,B
108,9,B
109,9,B
110,9,M
111,9,B
112,9,B
113,9,A
114,9,M
115,9,B
116,9,A
117,9,A
118,9,M
119,9,A
120,9,B
121,9,A
122,9,B
123,9,A
124,9,B
125,9,B
126,9,B
127,9,B
128,9,B
129,9,B
130,9,B
131,9,B
132,9,B
133,9,A
134,9,B
135,9,B
136,9,B
137,9,B
138,9,M
139,9,B
140,9,B
141,9,B
142,9,B
143,9,M
144,9,A
145,9,B
146,9,M
147,9,A
148,9,B
149,9,B
150,9,A
151,9,B
152,9,A
153,9,A
154,9,A
155,9,A
156,9,B
157,9,M
158,9,B
159,9,B
160,9,B
161,9,A
162,9,B
163,9,B
164,9,M
165,9,B
166,9,B
167,9,B
168,9,B
169,9,A
170,9,A
171,9,B
172,9,B
173,9,B
174,9,B
175,9,M
176,9,B
177,9,B
178,9,A
179,9,M
180,9,B
181,9,B
182,9,M
183,9,A
184,9,B
185,9,M
186,9,B
187,9,M
188,9,B
189,9,M
190,9,M
191,9,A
192,9,A
193,9,M
194,9,M
195,9,A
196,9,B
197,9,B
198,9,M
199,9,M
200,9,M
201,9,M
202,9,A
203,9,M
204,9,A
205,9,B
206,9,B
207,9,B
208,9,B
209,9,B
210,9,M
211,9,M
212,9,A
213,9,B
214,9,B
215,9,M
216,9,B
217,9,B
218,9,M
219,9,B
220,9,M
221,9,B
222,9,B
223,9,B
224,9,M
225,9,B
226,9,A
227,9,M
228,9,A
229,9,B
230,9,M
231,9,B
232,9,M
233,9,B
234,9,B
235,9,B
236,9,M
237,9,B
238,9,B
239,9,B
240,9,M
241,9,M
242,9,B
243,9,M
244,9,M
245,9,A
246,9,M
247,9,B
248,9,B
249,9,A
250,9,B
251,9,B
252,9,A
253,9,A
254,9,M
255,9,A
256,9,A
257,9,A
258,9,M
259,9,M
260,9,A
261,9,M
262,9,A
263,9,M
264,9,M
265,9,B
266,9,A
267,9,A
268,9,M
269,9,A
270,9,A
271,9,A
272,9,B
273,9,A
274,9,M
275,9,A
276,9,M
277,9,A
278,9,A
279,9,M
280,9,B
281,9,M
282,9,B
283,9,B
284,9,M
285,9,A
286,9,A
287,9,B
288,9,M
289,9,M
290,9,A
291,9,A
292,9,M
293,9,B
294,9,M
295,9,M
296,9,M
297,9,M
298,9,B
299,9,M
300,9,B
301,9,B
302,9,M
303,9,B
304,9,A
305,9,A
306,9,A
307,9,A
309,9,B
310,9,A
311,9,M
312,9,A
313,9,A
314,9,A
315,9,A
316,9,A
317,9,A
318,9,B
319,9,A
320,9,M
321,9,M
322,9,M
323,9,A
324,9,A
325,9,B
326,9,M
327,9,A
328,9,A
329,9,M
330,9,A
1,10,A
2,10,A
3,10,B
4,10,B
5,10,A
6,10,B
7,10,B
8,10,M
9,10,B
10,10,A
11,10,B
12,10,B
13,10,B
14,10,A
15,10,B
16,10,A
17,10,M
18,10,M
19,10,B
20,10,B
21,10,A
22,10,M
23,10,M
24,10,A
25,10,B
26,10,M
27,10,B
28,10,A
29,10,B
30,10,B
31,10,B
32,10,B
33,10,B
34,10,B
35,10,A
36,10,B
37,10,M
38,10,A
39,10,B
40,10,B
41,10,B
42,10,B
43,10,B
44,10,M
45,10,B
46,10,A
47,10,A
48,10,M
49,10,M
50,10,B
51,10,B
52,10,A
53,10,M
54,10,M
55,10,B
56,10,M
57,10,B
58,10,M
59,10,B
60,10,A
61,10,M
62,10,A
63,10,B
64,10,A
65,10,B
66,10,M
67,10,A
68,10,A
69,10,B
70,10,B
71,10,B
72,10,A
73,10,B
74,10,A
75,10,A
76,10,A
77,10,A
78,10,A
79,10,A
80,10,M
81,10,M
82,10,A
83,10,A
84,10,M
85,10,A
86,10,M
87,10,A
88,10,M
89,10,M
90,10,A
91,10,A
92,10,M
93,10,A
94,10,A
95,10,B
96,10,M
97,10,M
98,10,A
99,10,A
100,10,B
101,10,A
102,10,M
103,10,M
104,10,M
105,10,M
106,10,M
107,10,B
108,10,B
109,10,B
110,10,B
111,10,B
112,10,M
113,10,A
114,10,A
115,10,B
116,10,A
117,10,M
118,10,B
119,10,M
120,10,B
121,10,A
122,10,B
123,10,M
124,10,B
125,10,M
126,10,B
127,10,A
128,10,B
129,10,B
130,10,B
131,10,B
132,10,B
133,10,B
134,10,B
135,10,A
136,10,B
137,10,M
138,10,A
139,10,B
140,10,B
141,10,B
142,10,B
143,10,A
144,10,B
145,10,B
146,10,A
147,10,A
148,10,B
149,10,M
150,10,A
151,10,B
152,10,A
153,10,M
154,10,A
155,10,M
156,10,B
157,10,M
158,10,B
159,10,B
160,10,B
161,10,A
162,10,B
163,10,M
164,10,A
165,10,B
166,10,M
167,10,B
168,10,B
169,10,A
170,10,M
171,10,B
172,10,B
173,10,M
174,10,B
175,10,M
176,10,B
177,10,B
178,10,A
179,10,A
180,10,B
181,10,M
182,10,A
183,10,A
184,10,B
185,10,A
186,10,B
187,10,M
188,10,B
189,10,M
190,10,A
191,10,A
192,10,A
193,10,M
194,10,A
195,10,B
196,10,B
197,10,B
198,10,M
199,10,B
200,10,A
201,10,B
202,10,M
203,10,M
204,10,A
205,10,B
206,10,B
207,10,M
208,10,M
209,10,M
210,10,A
211,10,A
212,10,M
213,10,B
214,10,M
215,10,B
216,10,M
217,10,B
218,10,M
219,10,M
220,10,M
221,10,B
222,10,M
223,10,M
224,10,M
225,10,B
226,10,A
227,10,A
228,10,M
229,10,B
230,10,A
231,10,B
232,10,M
233,10,B
234,10,B
235,10,B
236,10,M
237,10,B
238,10,B
239,10,B
240,10,M
241,10,M
242,10,M
243,10,M
244,10,M
245,10,M
246,10,M
247,10,M
248,10,M
249,10,A
250,10,M
251,10,B
252,10,A
253,10,A
254,10,B
255,10,M
256,10,M
257,10,M
258,10,A
259,10,M
260,10,A
261,10,M
262,10,B
263,10,M
264,10,M
265,10,B
266,10,M
267,10,A
268,10,M
269,10,M
270,10,A
271,10,M
272,10,B
273,10,A
274,10,M
275,10,A
276,10,A
277,10,A
278,10,A
279,10,A
280,10,B
281,10,M
282,10,A
283,10,B
284,10,A
285,10,A
286,10,A
287,10,B
288,10,A
289,10,A
290,10,A
291,10,A
292,10,M
293,10,B
294,10,M
295,10,M
296,10,M
297,10,A
298,10,B
299,10,A
300,10,M
301,10,B
302,10,A
303,10,A
304,10,A
305,10,A
306,10,A
307,10,A
309,10,B
310,10,A
311,10,A
312,10,A
313,10,A
314,10,A
315,10,A
316,10,A
317,10,A
318,10,B
319,10,A
320,10,M
321,10,A
322,10,A
323,10,M
324,10,M
325,10,B
326,10,A
327,10,A
328,10,M
329,10,B
330,10,A
1,11,A
2,11,A
3,11,B
4,11,B
5,11,A
6,11,B
7,11,B
8,11,A
9,11,M
10,11,A
11,11,B
12,11,B
13,11,B
14,11,M
15,11,M
16,11,A
17,11,M
18,11,A
19,11,B
20,11,B
21,11,A
22,11,M
23,11,M
24,11,A
25,11,M
26,11,A
27,11,B
28,11,B
29,11,B
30,11,B
31,11,B
32,11,B
33,11,B
34,11,M
35,11,M
36,11,B
37,11,A
38,11,B
39,11,B
40,11,B
41,11,B
42,11,B
43,11,B
44,11,B
45,11,A
46,11,A
47,11,B
48,11,A
49,11,A
50,11,B
51,11,B
52,11,M
53,11,M
54,11,B
55,11,M
56,11,M
57,11,B
58,11,B
59,11,B
60,11,A
61,11,M
62,11,A
63,11,B
64,11,M
65,11,B
66,11,B
67,11,M
68,11,A
69,11,M
70,11,B
71,11,B
72,11,A
73,11,B
74,11,A
75,11,A
76,11,A
77,11,A
78,11,M
79,11,A
80,11,M
81,11,M
82,11,A
83,11,A
84,11,A
85,11,A
86,11,A
87,11,B
88,11,A
89,11,M
90,11,A
91,11,M
92,11,M
93,11,B
94,11,B
95,11,B
96,11,A
97,11,M
98,11,A
99,11,A
100,11,B
101,11,A
102,11,A
103,11,B
104,11,B
105,11,B
106,11,M
107,11,B
108,11,B
109,11,B
110,11,B
111,11,B
112,11,A
113,11,B
114,11,A
115,11,B
116,11,M
117,11,M
118,11,B
119,11,M
120,11,B
121,11,A
122,11,A
123,11,A
124,11,B
125,11,A
126,11,A
127,11,A
128,11,B
129,11,A
130,11,B
131,11,B
132,11,B
133,11,B
134,11,B
135,11,A
136,11,M
137,11,A
138,11,B
139,11,B
140,11,B
141,11,B
142,11,B
143,11,M
144,11,B
145,11,B
146,11,M
147,11,A
148,11,B
149,11,A
150,11,M
151,11,B
152,11,A
153,11,B
154,11,A
155,11,B
156,11,B
157,11,A
158,11,B
159,11,B
160,11,B
161,11,A
162,11,B
163,11,A
164,11,A
165,11,B
166,11,A
167,11,B
168,11,B
169,11,A
170,11,M
171,11,B
172,11,B
173,11,A
174,11,M
175,11,A
176,11,B
177,11,B
178,11,M
179,11,A
180,11,M
181,11,M
182,11,A
183,11,M
184,11,B
185,11,A
186,11,B
187,11,B
188,11,M
189,11,A
190,11,A
191,11,A
192,11,M
193,11,M
194,11,A
195,11,B
196,11,M
197,11,B
198,11,M
199,11,A
200,11,A
201,11,B
202,11,M
203,11,B
204,11,A
205,11,B
206,11,B
207,11,M
208,11,M
209,11,A
210,11,A
211,11,M
212,11,M
213,11,M
214,11,M
215,11,M
216,11,M
217,11,B
218,11,M
219,11,A
220,11,M
221,11,A
222,11,A
223,11,A
224,11,A
225,11,A
226,11,B
227,11,M
228,11,B
229,11,A
230,11,A
231,11,B
232,11,M
233,11,M
234,11,B
235,11,B
236,11,B
237,11,M
238,11,M
239,11,M
240,11,M
241,11,M
242,11,B
243,11,M
244,11,M
245,11,M
246,11,M
247,11,B
248,11,M
249,11,A
250,11,A
251,11,A
252,11,A
253,11,M
254,11,B
255,11,A
256,11,B
257,11,M
258,11,A
259,11,M
260,11,A
261,11,M
262,11,A
263,11,M
264,11,B
265,11,A
266,11,A
267,11,M
268,11,A
269,11,M
270,11,A
271,11,M
272,11,B
273,11,M
274,11,M
275,11,M
276,11,A
277,11,A
278,11,M
279,11,A
280,11,B
281,11,M
282,11,M
283,11,B
284,11,A
285,11,M
286,11,M
287,11,B
288,11,A
289,11,A
290,11,M
291,11,A
292,11,A
293,11,M
294,11,A
295,11,M
296,11,B
297,11,A
298,11,B
299,11,A
300,11,M
301,11,B
302,11,A
303,11,A
304,11,M
305,11,M
306,11,M
307,11,M
309,11,M
310,11,M
311,11,A
312,11,M
313,11,A
314,11,M
315,11,M
316,11,M
317,11,A
318,11,B
319,11,M
320,11,M
321,11,A
322,11,M
323,11,M
324,11,M
325,11,M
326,11,A
327,11,M
328,11,M
329,11,B
330,11,A
1,12,B
2,12,M
3,12,B
4,12,B
5,12,A
6,12,B
7,12,M
8,12,A
9,12,M
10,12,A
11,12,B
12,12,B
13,12,B
14,12,B
15,12,A
16,12,A
17,12,M
18,12,A
19,12,B
20,12,B
21,12,M
22,12,B
23,12,A
24,12,M
25,12,B
26,12,A
27,12,B
28,12,M
29,12,B
30,12,B
31,12,B
32,12,B
33,12,M
34,12,A
35,12,A
36,12,A
37,12,A
38,12,B
39,12,A
40,12,B
41,12,A
42,12,B
43,12,B
44,12,A
45,12,M
46,12,B
47,12,B
48,12,A
49,12,M
50,12,B
51,12,B
52,12,B
53,12,A
54,12,B
55,12,B
56,12,B
57,12,B
58,12,B
59,12,M
60,12,B
61,12,M
62,12,A
63,12,A
64,12,B
65,12,B
66,12,B
67,12,A
68,12,A
69,12,A
70,12,B
71,12,M
72,12,M
73,12,B
74,12,A
75,12,A
76,12,A
77,12,A
78,12,M
79,12,M
80,12,M
81,12,B
82,12,M
83,12,A
84,12,M
85,12,B
86,12,M
87,12,A
88,12,A
89,12,A
90,12,A
91,12,B
92,12,M
93,12,B
94,12,B
95,12,M
96,12,A
97,12,A
98,12,A
99,12,A
100,12,B
101,12,A
102,12,A
103,12,B
104,12,B
105,12,A
106,12,M
107,12,M
108,12,B
109,12,A
110,12,B
111,12,A
112,12,A
113,12,B
114,12,A
115,12,A
116,12,B
117,12,B
118,12,B
119,12,A
120,12,B
121,12,A
122,12,M
123,12,A
124,12,B
125,12,M
126,12,A
127,12,B
128,12,B
129,12,M
130,12,B
131,12,B
132,12,B
133,12,B
134,12,A
135,12,B
136,12,A
137,12,B
138,12,B
139,12,A
140,12,A
141,12,B
142,12,M
143,12,B
144,12,B
145,12,M
146,12,B
147,12,A
148,12,B
149,12,A
150,12,M
151,12,B
152,12,B
153,12,B
154,12,M
155,12,B
156,12,B
157,12,A
158,12,A
159,12,M
160,12,M
161,12,A
162,12,B
163,12,A
164,12,A
165,12,A
166,12,A
167,12,B
168,12,A
169,12,A
170,12,B
171,12,B
172,12,M
173,12,A
174,12,A
175,12,A
176,12,M
177,12,B
178,12,B
179,12,B
180,12,M
181,12,B
182,12,B
183,12,B
184,12,B
185,12,M
186,12,M
187,12,B
188,12,B
189,12,M
190,12,M
191,12,M
192,12,B
193,12,A
194,12,B
195,12,B
196,12,A
197,12,B
198,12,B
199,12,M
200,12,M
201,12,B
202,12,B
203,12,B
204,12,A
205,12,A
206,12,B
207,12,B
208,12,B
209,12,M
210,12,M
211,12,M
212,12,M
213,12,B
214,12,A
215,12,A
216,12,A
217,12,A
218,12,M
219,12,M
220,12,M
221,12,M
222,12,A
223,12,A
224,12,A
225,12,A
226,12,B
227,12,A
228,12,B
229,12,A
230,12,A
231,12,M
232,12,M
233,12,M
234,12,B
235,12,B
236,12,M
237,12,A
238,12,B
239,12,M
240,12,B
241,12,B
242,12,B
243,12,B
244,12,B
245,12,B
246,12,M
247,12,A
248,12,B
249,12,A
250,12,B
251,12,M
252,12,M
253,12,M
254,12,B
255,12,M
256,12,B
257,12,B
258,12,A
259,12,B
260,12,M
261,12,B
262,12,A
263,12,M
264,12,A
265,12,A
266,12,A
267,12,M
268,12,A
269,12,B
270,12,M
271,12,B
272,12,A
273,12,A
274,12,A
275,12,B
276,12,A
277,12,B
278,12,M
279,12,A
280,12,A
281,12,A
282,12,M
283,12,B
284,12,B
285,12,M
286,12,A
287,12,B
288,12,M
289,12,A
290,12,M
291,12,M
292,12,A
293,12,M
294,12,M
295,12,A
296,12,B
297,12,A
298,12,B
299,12,M
300,12,A
301,12,A
302,12,A
303,12,A
304,12,M
305,12,M
306,12,B
307,12,M
309,12,M
310,12,B
311,12,A
312,12,M
313,12,A
314,12,M
315,12,M
316,12,M
317,12,M
318,12,B
319,12,M
320,12,B
321,12,A
322,12,M
323,12,B
324,12,A
325,12,A
326,12,A
327,12,M
328,12,M
329,12,B
330,12,M
